record_id,entity_or_structure,field_name,physical_path,symbol_or_container,data_type,shape_or_cardinality,presence_rule,allowed_values_or_taxonomy,semantic_role,source_of_value,consumer,derivation_rule,validation_rule,history_behavior,publication_status,human_validation,duplicate_group,confidence,evidence_reference,notes
F001,StartupCurrentSelector,currentSnapshotId,painel-gsds/src/data/startups/published/current.json,startupCurrentSelectorSchema,string,1,required,regex ^snap-[a-z0-9-]+$,IDENTIFIER|PUBLICATION_CONTROL,editorial selector file,loadCurrentSelector; loadPublishedSnapshot,NOT_APPLICABLE,publishedSnapshot.ts:245; must exist in registry validate-startup-data.ts:80-84,overwrites previous pointer without storing body,PUBLICATION_INPUT,NOT_OBSERVED,DUP-SELECTOR-ID,FACT,current.json:2; publishedSnapshot.ts:245; loadPublishedSnapshot.ts:46-64,Does not duplicate snapshot body. Raw acquisition layer is not versioned in this repo.
F002,StartupCurrentSelector,selectedAt,painel-gsds/src/data/startups/published/current.json,startupCurrentSelectorSchema,string datetime offset,1,required,ISO-8601 with offset,PROVENANCE,editorial selector file,schema only at runtime; page uses snapshot.publishedAt,NOT_APPLICABLE,publishedSnapshot.ts:246 isoDateTime,replaced with selector,PUBLICATION_INPUT,NOT_OBSERVED,DUP-TIME-PUB,FACT,current.json:3; publishedSnapshot.ts:246,Value 2026-08-24T14:10:00.000Z equals snapshot generatedAt/publishedAt in current freeze.
F003,StartupCurrentSelector,note,painel-gsds/src/data/startups/published/current.json,startupCurrentSelectorSchema,string,1,required min 1,free text,EDITORIAL,editorial selector file,not rendered on observatory page,NOT_APPLICABLE,publishedSnapshot.ts:247,replaced with selector,PUBLICATION_INPUT,NOT_OBSERVED,NOT_APPLICABLE,FACT,current.json:4; publishedSnapshot.ts:247,Mentions 5D.1 correction; pipeline tokens not shown in UI.
F010,StartupPublishedSnapshot,id,painel-gsds/src/data/startups/published/snapshots/ecosystem-cumulative-direct-2026-08-24.json,startupPublishedSnapshotSchema,string,1,required,regex ^snap-[a-z0-9-]+$,IDENTIFIER,published snapshot authoring,registry index; current.json match,NOT_APPLICABLE,publishedSnapshot.ts:39,stable per file; new snapshot new id,PUBLISHED,NOT_OBSERVED,DUP-SELECTOR-ID,FACT,ecosystem-cumulative-direct-2026-08-24.json:1; publishedSnapshot.ts:39,Canonical current id snap-ecosystem-cumulative-direct-2026-08-24. Not RAW_DATA.
F011,StartupPublishedSnapshot,schemaVersion,painel-gsds/src/data/startups/published/snapshots/ecosystem-cumulative-direct-2026-08-24.json,startupPublishedSnapshotSchema,string,1,required min 1,free string; observed 1.1.0,PROVENANCE,published snapshot authoring,tests 5B/5C/5D inspected not executed,NOT_APPLICABLE,publishedSnapshot.ts:40,stored per snapshot file,PUBLISHED,NOT_OBSERVED,NOT_APPLICABLE,FACT,ecosystem-cumulative-direct-2026-08-24.json:2; publishedSnapshot.ts:40,No uninterpreted acquisition layer in repo.
F012,StartupPublishedSnapshot,period,painel-gsds/src/data/startups/published/snapshots/ecosystem-cumulative-direct-2026-08-24.json,startupPublishedSnapshotSchema,string,1,required,observed 2026-08,PROVENANCE|EDITORIAL,published snapshot authoring,not directly rendered on page,NOT_APPLICABLE,publishedSnapshot.ts:41,stored per snapshot,PUBLISHED,NOT_OBSERVED,NOT_APPLICABLE,FACT,ecosystem-cumulative-direct-2026-08-24.json:3; publishedSnapshot.ts:41,NOT_APPLICABLE
F013,StartupPublishedSnapshot,generatedAt,painel-gsds/src/data/startups/published/snapshots/ecosystem-cumulative-direct-2026-08-24.json,startupPublishedSnapshotSchema,string datetime offset,1,required,ISO-8601 offset,PROVENANCE,published snapshot authoring,not page primary date,NOT_APPLICABLE,publishedSnapshot.ts:42,stored per snapshot,PUBLISHED,NOT_OBSERVED,DUP-TIME-PUB,FACT,ecosystem-cumulative-direct-2026-08-24.json:4; publishedSnapshot.ts:42,NOT_APPLICABLE
F014,StartupPublishedSnapshot,publishedAt,painel-gsds/src/data/startups/published/snapshots/ecosystem-cumulative-direct-2026-08-24.json,startupPublishedSnapshotSchema,string datetime offset,1,required,ISO-8601 offset,PROVENANCE|PUBLICATION_CONTROL,published snapshot authoring,index.astro updatedAt slice 0-10,IDENTITY then slice date,publishedSnapshot.ts:43,stored per snapshot,PUBLISHED,NOT_OBSERVED,DUP-TIME-PUB,FACT,ecosystem-cumulative-direct-2026-08-24.json:5; index.astro:17,NOT_APPLICABLE
F015,StartupPublishedSnapshot,protocolVersion,painel-gsds/src/data/startups/published/snapshots/ecosystem-cumulative-direct-2026-08-24.json,startupPublishedSnapshotSchema,string,1,required,observed startup-public-cumulative-direct-v1,PROVENANCE,published snapshot authoring,tests inspected; not shown in UI coverage after filters,NOT_APPLICABLE,publishedSnapshot.ts:44,stored per snapshot,PUBLISHED,NOT_OBSERVED,NOT_APPLICABLE,FACT,ecosystem-cumulative-direct-2026-08-24.json:6; publishedSnapshot.ts:44,Banned in public coverage blob by 5D test (not executed).
F016,StartupPublishedSnapshot,previousSnapshotId,painel-gsds/src/data/startups/published/snapshots/ecosystem-cumulative-direct-2026-08-24.json,startupPublishedSnapshotSchema,string|null,0..1,optional nullable,regex ^snap-[a-z0-9-]+$,PROVENANCE|IDENTIFIER,published snapshot authoring,none on page; tests 5D inspected,NOT_APPLICABLE,publishedSnapshot.ts:45-49 regex only; existence in glob NOT enforced,chain pointer; does not embed prior body,PUBLISHED,NOT_OBSERVED,NOT_APPLICABLE,FACT,ecosystem-cumulative-direct-2026-08-24.json:7; publishedSnapshot.ts:45-49,Observed snap-indirect-cumulative-2026-08-18. INV-PREV-1 ASSUMED.
F017,StartupPublishedSnapshot.coverage,status,painel-gsds/src/data/startups/published/snapshots/ecosystem-cumulative-direct-2026-08-24.json,coverage.status,enum string,1,required,startupCoverageStatusValues taxonomies.ts:213-218,TAXONOMY|PUBLICATION_CONTROL,published snapshot authoring,index.astro isEmpty; StartupCoverageNotice statusLabel,label lookup startupCoverageStatusLabels,publishedSnapshot.ts:51; empty-pop rule ts:235-239,replaced with snapshot,PUBLISHED,NOT_OBSERVED,NOT_APPLICABLE,FACT,ecosystem-cumulative-direct-2026-08-24.json:10; taxonomies.ts:213-218; index.astro:15-16,Current value partial.
F018,StartupPublishedSnapshot.coverage,summary,painel-gsds/src/data/startups/published/snapshots/ecosystem-cumulative-direct-2026-08-24.json,coverage.summary,string,1,required min 1,free text,EDITORIAL,published snapshot authoring,StartupCoverageNotice after A30_ECHO rewrite,index.astro:22-26 string replace; PENDING_7A_COPY,publishedSnapshot.ts:52,stored in snapshot; UI copy may differ,PUBLISHED,NOT_OBSERVED,DUP-COVERAGE-ECHO,FACT,ecosystem-cumulative-direct-2026-08-24.json:11; index.astro:19-26,PENDING_7A_COPY. Raw layer not in repo.
F019,StartupPublishedSnapshot.coverage,limitations,painel-gsds/src/data/startups/published/snapshots/ecosystem-cumulative-direct-2026-08-24.json,coverage.limitations,string[],1..*,required min 1 item,free text items,EDITORIAL,published snapshot authoring,StartupCoverageNotice after A30_ECHO filter,index.astro:28 filter,publishedSnapshot.ts:53,stored in snapshot,PUBLISHED,NOT_OBSERVED,DUP-COVERAGE-ECHO,FACT,ecosystem-cumulative-direct-2026-08-24.json:12-20; index.astro:19-28,PENDING_7A_COPY. Item L14 matches A30_ECHO.
F020,StartupPublishedSnapshot.counts,organizations,painel-gsds/src/data/startups/published/snapshots/ecosystem-cumulative-direct-2026-08-24.json,startupPublishedCountsSchema,int,1,required nonnegative,integer >=0,DERIVED,must equal organizations.length,schema equality; not VIZ bars,publishedSnapshot.ts:213,publishedSnapshot.ts:225-232,stored; recomputed at parse,PUBLISHED,NOT_OBSERVED,NOT_APPLICABLE,FACT,ecosystem-cumulative-direct-2026-08-24.json:23; publishedSnapshot.ts:213,120. Unit = collection length.
F021,StartupPublishedSnapshot.counts,productsOrPrograms,painel-gsds/src/data/startups/published/snapshots/ecosystem-cumulative-direct-2026-08-24.json,startupPublishedCountsSchema,int,1,required,integer >=0,DERIVED,productsOrPrograms.length,schema equality,publishedSnapshot.ts:214,publishedSnapshot.ts:225-232,stored,PUBLISHED,NOT_OBSERVED,NOT_APPLICABLE,FACT,ecosystem-cumulative-direct-2026-08-24.json:24; json:1860,0 means empty materialized array not missing field and not absence of asset text.
F022,StartupPublishedSnapshot.counts,relevanceAssessments,painel-gsds/src/data/startups/published/snapshots/ecosystem-cumulative-direct-2026-08-24.json,startupPublishedCountsSchema,int,1,required,integer >=0,DERIVED,relevanceAssessments.length,schema equality,publishedSnapshot.ts:215,publishedSnapshot.ts:225-232,stored,PUBLISHED,NOT_OBSERVED,NOT_APPLICABLE,FACT,ecosystem-cumulative-direct-2026-08-24.json:25; publishedSnapshot.ts:215,121.
F023,StartupPublishedSnapshot.counts,publicSources,painel-gsds/src/data/startups/published/snapshots/ecosystem-cumulative-direct-2026-08-24.json,startupPublishedCountsSchema,int,1,required,integer >=0,DERIVED,publicSources.length,schema equality; 5D test inspected,publishedSnapshot.ts:216,publishedSnapshot.ts:225-232,stored,PUBLISHED,NOT_OBSERVED,NOT_APPLICABLE,FACT,ecosystem-cumulative-direct-2026-08-24.json:26; publishedSnapshot.ts:216,217.
F024,StartupPublishedSnapshot.counts,directGsd,painel-gsds/src/data/startups/published/snapshots/ecosystem-cumulative-direct-2026-08-24.json,startupPublishedCountsSchema,int,1,required,integer >=0,DERIVED,count assessments relationship===direct-gsd,schema; coincidentally equals VIZ01 direct in this freeze,publishedSnapshot.ts:142,publishedSnapshot.ts:225-232,stored,PUBLISHED,NOT_OBSERVED,DUP-COUNT-REL,FACT,ecosystem-cumulative-direct-2026-08-24.json:28; publishedSnapshot.ts:142,Unit=assessment. Observed 28.
F025,StartupPublishedSnapshot.counts,adjacentGsd,painel-gsds/src/data/startups/published/snapshots/ecosystem-cumulative-direct-2026-08-24.json,startupPublishedCountsSchema,int,1,required,integer >=0,DERIVED,count assessments relationship===adjacent-gsd,schema only; NOT VIZ01,publishedSnapshot.ts:143,publishedSnapshot.ts:225-232,stored,PUBLISHED,NOT_OBSERVED,DUP-COUNT-ADJ,FACT,ecosystem-cumulative-direct-2026-08-24.json:27; publishedSnapshot.ts:143; aggregateObservatoryCharts.ts:56-75,82 assessments vs VIZ01 81 orgs because Saventic has two adjacent assessments.
F026,StartupPublishedSnapshot.counts,ecosystemSupport,painel-gsds/src/data/startups/published/snapshots/ecosystem-cumulative-direct-2026-08-24.json,startupPublishedCountsSchema,int,1,required,integer >=0,DERIVED,count assessments ecosystem-support,schema; VIZ01 bar also 0 in this freeze,publishedSnapshot.ts:144,publishedSnapshot.ts:225-232,stored,PUBLISHED,NOT_OBSERVED,DUP-COUNT-REL,FACT,ecosystem-cumulative-direct-2026-08-24.json:29; publishedSnapshot.ts:144,Observed 0 of a known taxonomy value; not missing category.
F027,StartupPublishedSnapshot.counts,relevanceUnconfirmed,painel-gsds/src/data/startups/published/snapshots/ecosystem-cumulative-direct-2026-08-24.json,startupPublishedCountsSchema,int,1,required,integer >=0,DERIVED,count assessments relevance-unconfirmed,schema,publishedSnapshot.ts:145,publishedSnapshot.ts:225-232,stored,PUBLISHED,NOT_OBSERVED,DUP-COUNT-REL,FACT,ecosystem-cumulative-direct-2026-08-24.json:30; publishedSnapshot.ts:145,11. Matches VIZ01 in this freeze.
F028,StartupPublishedSnapshot.counts,brazil,painel-gsds/src/data/startups/published/snapshots/ecosystem-cumulative-direct-2026-08-24.json,startupPublishedCountsSchema,int,1,required,integer >=0,DERIVED,assessments whose geographicScopes includes brazil,schema; numeric coincidence with VIZ02 brazil in this freeze,publishedSnapshot.ts:146,publishedSnapshot.ts:225-232,stored,PUBLISHED,NOT_OBSERVED,DUP-COUNT-GEO,FACT,ecosystem-cumulative-direct-2026-08-24.json:31; publishedSnapshot.ts:146,Unit=assessment flag.
F029,StartupPublishedSnapshot.counts,global,painel-gsds/src/data/startups/published/snapshots/ecosystem-cumulative-direct-2026-08-24.json,startupPublishedCountsSchema,int,1,required,integer >=0,DERIVED,assessments whose geographicScopes includes global,schema,publishedSnapshot.ts:147,publishedSnapshot.ts:225-232,stored,PUBLISHED,NOT_OBSERVED,DUP-COUNT-GEO,FACT,ecosystem-cumulative-direct-2026-08-24.json:32; publishedSnapshot.ts:147,88. Unit=assessment flag.
F030,StartupPublishedSnapshot,checksum,painel-gsds/src/data/startups/published/snapshots/ecosystem-cumulative-direct-2026-08-24.json,startupPublishedSnapshotSchema.checksum,string,1,required min 1,hex SHA-256 or reserved-not-computed,PROVENANCE|PUBLICATION_CONTROL,declared digest of canonical JSON excluding checksum,validate-startup-data.ts computeSnapshotChecksum,SHA-256 canonicalize exclude checksum validate-startup-data.ts:31-47,validate-startup-data.ts:65-72,stored in snapshot; empty uses placeholder,PUBLISHED,NOT_OBSERVED,NOT_APPLICABLE,FACT,ecosystem-cumulative-direct-2026-08-24.json:6903; validate-startup-data.ts:42-47,INDEPENDENT_DIGEST_MATCH in 7B.0; VALIDATOR_NOT_EXECUTED; PENDING npm run data:validate. Do not call PASS.
F031,StartupPublishedSnapshot,organizations,painel-gsds/src/data/startups/published/snapshots/ecosystem-cumulative-direct-2026-08-24.json,startupPublishedSnapshotSchema.organizations,PublishedOrganization[],0..*,required array; empty only if not-yet-populated,see organization fields,IDENTIFIER,published snapshot authoring,buildStartupList; page isEmpty,NOT_APPLICABLE,"publishedSnapshot.ts:56,64-89,150-157,235-239",full array replaced per snapshot file,PUBLISHED,NOT_OBSERVED,NOT_APPLICABLE,FACT,publishedSnapshot.ts:56; ecosystem-cumulative-direct-2026-08-24.json organizations array,Collection container. Element fields inventoried separately. Not RAW_DATA.
F032,StartupPublishedSnapshot,relevanceAssessments,painel-gsds/src/data/startups/published/snapshots/ecosystem-cumulative-direct-2026-08-24.json,startupPublishedSnapshotSchema.relevanceAssessments,PublishedGSDRelevanceAssessment[],0..*,required array,see assessment fields,ASSESSMENT_OR_INTERPRETATION,published snapshot authoring,queryStartups; aggregators,NOT_APPLICABLE,"publishedSnapshot.ts:58,113-148",full array replaced per snapshot file,PUBLISHED,NOT_OBSERVED,NOT_APPLICABLE,FACT,publishedSnapshot.ts:58,Not RAW_DATA.
F033,StartupPublishedSnapshot,publicSources,painel-gsds/src/data/startups/published/snapshots/ecosystem-cumulative-direct-2026-08-24.json,startupPublishedSnapshotSchema.publicSources,StartupPublicSource[],0..*,required array,see source fields,SOURCE_METADATA,published snapshot authoring (already curated),buildStartupList join,NOT_APPLICABLE,"publishedSnapshot.ts:59,92-101",5D tests inspected claim byte-equal to 5C sources; NOT_EXECUTED_IN_7B_0,PUBLISHED,NOT_OBSERVED,NOT_APPLICABLE,FACT,publishedSnapshot.ts:59; directGsd.5d.test.ts:156,"SOURCE_METADATA of published catalog, not uninterpreted crawl. Raw layer not in repo."
F034,StartupPublishedSnapshot,productsOrPrograms,painel-gsds/src/data/startups/published/snapshots/ecosystem-cumulative-direct-2026-08-24.json,startupPublishedSnapshotSchema.productsOrPrograms,PublishedProductOrProgram[],0..*,required array may be empty,see product fields,UNKNOWN,schema materialized empty collection,buildStartupList; StartupDetail empty copy,NOT_APPLICABLE,"publishedSnapshot.ts:57,160-186",empty in 5B-5D.1 observed,PUBLISHED,NOT_OBSERVED,DUP-ASSET-TEXT,FACT,ecosystem-cumulative-direct-2026-08-24.json:1860; publishedRelations.ts:63-74,Collection empty. Asset text lives on directContext.assetOrProgram. semantic_role UNKNOWN at collection level because entity not instantiated. Not RAW_DATA.
F040,PublishedOrganization,id,painel-gsds/src/schemas/startups/publishedOrganization.ts,publishedOrganizationSchema.id,string,1 per org,required,regex ^org-[a-z0-9-]+$,IDENTIFIER,published snapshot authoring; lineage maps only in tests,FK from assessments; React key; query by id,NOT_APPLICABLE,publishedOrganization.ts:11; unique publishedSnapshot.ts:66-73,observed stable across 5C-5D for indirect ids (test inspected),PUBLISHED,NOT_OBSERVED,NOT_APPLICABLE,FACT,publishedOrganization.ts:11; ecosystem-cumulative-direct-2026-08-24.json:51 org-gsd-br-002,Production loader does not call lineage functions.
F041,PublishedOrganization,slug,painel-gsds/src/schemas/startups/publishedOrganization.ts,publishedOrganizationSchema.slug,string,1,required,regex ^[a-z0-9]+(?:-[a-z0-9]+)*$,IDENTIFIER|EDITORIAL,published snapshot authoring,StartupExplorer selectedSlug; getStartupBySlug unused by page,NOT_APPLICABLE,publishedOrganization.ts:12-15 unique slugs,stored per snapshot,PUBLISHED,NOT_OBSERVED,NOT_APPLICABLE,FACT,"publishedOrganization.ts:12-15; StartupExplorer.tsx:26,41",NOT_APPLICABLE
F042,PublishedOrganization,preferredName,painel-gsds/src/schemas/startups/publishedOrganization.ts,publishedOrganizationSchema.preferredName,string,1,required min 1,free text,EDITORIAL,published snapshot authoring,card title; search; sort name-asc,NOT_APPLICABLE,publishedOrganization.ts:16,stored; rename would not change id,PUBLISHED,NOT_OBSERVED,NOT_APPLICABLE,FACT,publishedOrganization.ts:16; StartupCard.tsx:21,Nine cases wording in CURRENT_DATA_ARCHITECTURE.md §13.
F043,PublishedOrganization,aliases,painel-gsds/src/schemas/startups/publishedOrganization.ts,publishedOrganizationSchema.aliases,string[],0..*,required array may be empty,free text items,EDITORIAL,published snapshot authoring,queryStartups search haystack,NOT_APPLICABLE,publishedOrganization.ts:17,stored,PUBLISHED,NOT_OBSERVED,NOT_APPLICABLE,FACT,publishedOrganization.ts:17; queryStartups.ts:108,Observed 21 orgs with non-empty aliases; nine directs empty.
F044,PublishedOrganization,organizationType,painel-gsds/src/schemas/startups/publishedOrganization.ts,publishedOrganizationSchema.organizationType,enum string,1,required,startupOrganizationTypeValues taxonomies.ts:99-108,TAXONOMY|ASSESSMENT_OR_INTERPRETATION,published snapshot authoring,not displayed on card,NOT_APPLICABLE,publishedOrganization.ts:18,stored,PUBLISHED,NOT_OBSERVED,NOT_APPLICABLE,FACT,publishedOrganization.ts:18; taxonomies.ts:99-108,Observed 120x unconfirmed. Other enum values unused in current snapshot.
F045,PublishedOrganization,website,painel-gsds/src/schemas/startups/publishedOrganization.ts,publishedOrganizationSchema.website,string url,0..1,optional,URL,CLAIM_OR_ASSERTION,published snapshot authoring,StartupDetail website section only if present; NOT evidenceRefs,NOT_APPLICABLE,publishedOrganization.ts:19 z.string().url().optional(),omitted when empty (Cometa has no key),PUBLISHED,NOT_OBSERVED,NOT_APPLICABLE,FACT,publishedOrganization.ts:19; StartupDetail.tsx:204-213; Maze json:1609 vs rel evidence json:4639,"Published assertion of institutional URL, not uninterpreted crawl. 111/120 present. Direct websites must not become supports evidence (test inspected)."
F046,PublishedOrganization,foundedYear,painel-gsds/src/schemas/startups/publishedOrganization.ts,publishedOrganizationSchema.foundedYear,int,0..1,optional,1800-2100,CLAIM_OR_ASSERTION,published snapshot authoring,not rendered in card/detail currently,NOT_APPLICABLE,publishedOrganization.ts:20,omitted when unknown,PUBLISHED,NOT_OBSERVED,NOT_APPLICABLE,FACT,publishedOrganization.ts:20; Reneo json:1802 value 2014; Cometa field absent json:1424-1435,66/120 present. Not RAW_DATA.
F047,PublishedOrganization,headquarters,painel-gsds/src/schemas/startups/publishedOrganization.ts,publishedOrganizationSchema.headquarters,object,0..1,optional,country required if object present,CLAIM_OR_ASSERTION,published snapshot authoring,not rendered in current UI,NOT_APPLICABLE,publishedOrganization.ts:21-27,omitted when unknown,PUBLISHED,NOT_OBSERVED,NOT_APPLICABLE,FACT,publishedOrganization.ts:21-27,29/120 present. Nested fields separate rows.
F048,PublishedOrganization.headquarters,country,painel-gsds/src/schemas/startups/publishedOrganization.ts,headquarters.country,string,1 if headquarters present,required when parent present,free text; observed United States on directs sampled,CLAIM_OR_ASSERTION,published snapshot authoring,none in current UI,NOT_APPLICABLE,publishedOrganization.ts:23,with parent object,PUBLISHED,NOT_OBSERVED,NOT_APPLICABLE,FACT,publishedOrganization.ts:23; Maze json:1610-1612,NOT_APPLICABLE
F049,PublishedOrganization.headquarters,region,painel-gsds/src/schemas/startups/publishedOrganization.ts,headquarters.region,string,0..1,optional,free text,CLAIM_OR_ASSERTION,schema only in current freeze,none,NOT_APPLICABLE,publishedOrganization.ts:24,NOT_OBSERVED,PUBLISHED,NOT_OBSERVED,NOT_APPLICABLE,FACT,publishedOrganization.ts:24,NOT_OBSERVED in current snapshot (no region keys).
F050,PublishedOrganization.headquarters,city,painel-gsds/src/schemas/startups/publishedOrganization.ts,headquarters.city,string,0..1,optional,free text,CLAIM_OR_ASSERTION,schema only in current freeze,none,NOT_APPLICABLE,publishedOrganization.ts:25,NOT_OBSERVED,PUBLISHED,NOT_OBSERVED,NOT_APPLICABLE,FACT,publishedOrganization.ts:25,NOT_OBSERVED in current snapshot (no city keys).
F051,PublishedOrganization,operationalStatus,painel-gsds/src/schemas/startups/publishedOrganization.ts,publishedOrganizationSchema.operationalStatus,enum string,1,required,startupOperationalStatusValues taxonomies.ts:123-134,TAXONOMY|ASSESSMENT_OR_INTERPRETATION,published snapshot authoring,StatusBadge on card/detail; filter operationalStatuses; NOT VIZ04,NOT_APPLICABLE,publishedOrganization.ts:28,stored per snapshot,PUBLISHED,NOT_OBSERVED,DUP-STATUS-CORP,FACT,publishedOrganization.ts:28; taxonomies.ts:123-134; StartupCard.tsx:22; aggregateObservatoryCharts.ts:139,MUST remain distinct from directContext.organizationStatus. Indirects 92x apparently-active; directs use private|public|acquired-or-inactive|identity-unresolved.
F052,PublishedOrganization,description,painel-gsds/src/schemas/startups/publishedOrganization.ts,publishedOrganizationSchema.description,string,1,required min 1,free text,EDITORIAL|CLAIM_OR_ASSERTION,published snapshot authoring,card body; search; detail,NOT_APPLICABLE,publishedOrganization.ts:29,stored,PUBLISHED,NOT_OBSERVED,DUP-ASSET-TEXT,FACT,publishedOrganization.ts:29; StartupCard.tsx:24; Kriya json:1814,Directs often concatenate indication emdash asset emdash modality. Preserve wording. Not RAW_DATA.
F053,PublishedOrganization,sector,painel-gsds/src/schemas/startups/publishedOrganization.ts,publishedOrganizationSchema.sector,string,0..1,optional,free text,UNKNOWN,schema only,none,NOT_APPLICABLE,publishedOrganization.ts:30,NOT_OBSERVED,PUBLISHED,NOT_OBSERVED,NOT_APPLICABLE,FACT,publishedOrganization.ts:30,NOT_OBSERVED in current snapshot (0/120).
F054,PublishedOrganization,industry,painel-gsds/src/schemas/startups/publishedOrganization.ts,publishedOrganizationSchema.industry,string,0..1,optional,free text,UNKNOWN,schema only,none,NOT_APPLICABLE,publishedOrganization.ts:31,NOT_OBSERVED,PUBLISHED,NOT_OBSERVED,NOT_APPLICABLE,FACT,publishedOrganization.ts:31,NOT_OBSERVED in current snapshot (0/120).
F055,PublishedOrganization,businessModels,painel-gsds/src/schemas/startups/publishedOrganization.ts,publishedOrganizationSchema.businessModels,string[],0..*,required array may be empty,free text items,UNKNOWN,published snapshot authoring as empty arrays,none,NOT_APPLICABLE,publishedOrganization.ts:32,stored empty,PUBLISHED,NOT_OBSERVED,NOT_APPLICABLE,FACT,publishedOrganization.ts:32; Cometa json:1431,"Observed 120x empty array. Field present, values unused."
F056,PublishedOrganization,firstDiscoveredAt,painel-gsds/src/schemas/startups/publishedOrganization.ts,publishedOrganizationSchema.firstDiscoveredAt,string date,1,required YYYY-MM-DD,ISO date,PROVENANCE,published snapshot authoring,not displayed,NOT_APPLICABLE,publishedOrganization.ts:33,stored; not a validFrom,PUBLISHED,NOT_OBSERVED,NOT_APPLICABLE,FACT,publishedOrganization.ts:33,Not a human-validation workflow field.
F057,PublishedOrganization,lastReviewedAt,painel-gsds/src/schemas/startups/publishedOrganization.ts,publishedOrganizationSchema.lastReviewedAt,string date,1,required YYYY-MM-DD,ISO date,PROVENANCE,published snapshot authoring,input to derived list item lastReviewedAt,NOT_APPLICABLE,publishedOrganization.ts:34,stored,PUBLISHED,NOT_OBSERVED,DUP-REVIEW-DATE,FACT,publishedOrganization.ts:34; queryStartups.ts:67-69,human_validation NOT_OBSERVED: no reviewer/approval field on observatory org.
F058,PublishedOrganization,publicationState,painel-gsds/src/schemas/startups/publishedOrganization.ts,publishedOrganizationSchema.publicationState,enum string,1,required,published only taxonomies.ts:151-152,PUBLICATION_CONTROL,published snapshot authoring,schema reject if not published,NOT_APPLICABLE,publishedOrganization.ts:35; publishedSnapshot.ts:83-89,only published values allowed,PUBLISHED,NOT_OBSERVED,NOT_APPLICABLE,FACT,publishedOrganization.ts:35; taxonomies.ts:151-152,Not a draft/review workflow.
F060,PublishedGSDRelevanceAssessment,id,painel-gsds/src/schemas/startups/publishedRelations.ts,publishedGSDRelevanceAssessmentSchema.id,string,1,required,regex ^rel-[a-z0-9-]+$,IDENTIFIER,published snapshot authoring,React list key in detail,NOT_APPLICABLE,publishedRelations.ts:37 unique ts:114-121,indirect ids copied 5C to 5D per inspected test,PUBLISHED,NOT_OBSERVED,NOT_APPLICABLE,FACT,publishedRelations.ts:37,NOT_APPLICABLE
F061,PublishedGSDRelevanceAssessment,organizationId,painel-gsds/src/schemas/startups/publishedRelations.ts,publishedGSDRelevanceAssessmentSchema.organizationId,string,1,required FK,regex ^org-[a-z0-9-]+$,IDENTIFIER,published snapshot authoring,join in buildStartupList,NOT_APPLICABLE,publishedRelations.ts:38; publishedSnapshot.ts:124-130,stored,PUBLISHED,NOT_OBSERVED,NOT_APPLICABLE,FACT,publishedRelations.ts:38; queryStartups.ts:45-46,NOT_APPLICABLE
F062,PublishedGSDRelevanceAssessment,relationship,painel-gsds/src/schemas/startups/publishedRelations.ts,publishedGSDRelevanceAssessmentSchema.relationship,enum string,1,required,startupRelationValues taxonomies.ts:6-11,TAXONOMY|ASSESSMENT_OR_INTERPRETATION,published snapshot authoring,VIZ01; filters; badges via Set,VIZ01 Set per org aggregateObservatoryCharts.ts:56-75,publishedRelations.ts:39,stored,PUBLISHED,NOT_OBSERVED,DUP-COUNT-ADJ,FACT,publishedRelations.ts:39; taxonomies.ts:6-11,No excluded value unlike docs/implementation/03_Modelo.
F063,PublishedGSDRelevanceAssessment,geographicScopes,painel-gsds/src/schemas/startups/publishedRelations.ts,publishedGSDRelevanceAssessmentSchema.geographicScopes,enum string[],1..*,required min 1,startupGeographyValues brazil|global,TAXONOMY|ASSESSMENT_OR_INTERPRETATION,published snapshot authoring,VIZ02; filters,VIZ02 Set per org,publishedRelations.ts:40,stored,PUBLISHED,NOT_OBSERVED,DUP-COUNT-GEO,FACT,publishedRelations.ts:40; taxonomies.ts:22,Observed all 121 length 1. Saventic uses two assessments not two scopes on one assessment.
F064,PublishedGSDRelevanceAssessment,modalities,painel-gsds/src/schemas/startups/publishedRelations.ts,publishedGSDRelevanceAssessmentSchema.modalities,string[],0..*,required array,free text items; not enum,EDITORIAL|CLAIM_OR_ASSERTION,published snapshot authoring,search haystack via products not this array; detail does not list modalities[] separately from directContext.modality,NOT_APPLICABLE,publishedRelations.ts:41,stored,PUBLISHED,NOT_OBSERVED,DUP-MODALITY,FACT,publishedRelations.ts:41; rel-gsd-dir-014 json:4633,Do not merge with directContext.modality.
F065,PublishedGSDRelevanceAssessment,gsdRefs,painel-gsds/src/schemas/startups/publishedRelations.ts,publishedGSDRelevanceAssessmentSchema.gsdRefs,string[],0..*,required array may be empty,unconstrained strings; clinical gsd-* ids exist elsewhere without FK,IDENTIFIER,published snapshot authoring as empty,queryStartups filter not wired in UI,NOT_APPLICABLE,publishedRelations.ts:42 no FK,stored empty,PUBLISHED,NOT_OBSERVED,NOT_APPLICABLE,FACT,publishedRelations.ts:42; json:4394 empty; src/data/clinical/gsd-types.json:3,121/121 empty. Target entity unresolved. Not RAW_DATA.
F066,PublishedGSDRelevanceAssessment,clinicalNeedRefs,painel-gsds/src/schemas/startups/publishedRelations.ts,publishedGSDRelevanceAssessmentSchema.clinicalNeedRefs,string[],0..*,required array may be empty,opaque PAG-* strings observed on indirects,IDENTIFIER|ASSESSMENT_OR_INTERPRETATION,published snapshot authoring,queryStartups filter not in UI,NOT_APPLICABLE,publishedRelations.ts:43 no FK,stored,PUBLISHED,NOT_OBSERVED,NOT_APPLICABLE,FACT,publishedRelations.ts:43; json:1889 PAG-001,93 assessments non-empty; 28 directs empty. No PAG entity file in app.
F067,PublishedGSDRelevanceAssessment,socioeconomicNeedRefs,painel-gsds/src/schemas/startups/publishedRelations.ts,publishedGSDRelevanceAssessmentSchema.socioeconomicNeedRefs,string[],0..*,required array may be empty,unconstrained strings,IDENTIFIER,published snapshot authoring as empty,queryStartups filter not in UI,NOT_APPLICABLE,publishedRelations.ts:44,stored empty,PUBLISHED,NOT_OBSERVED,NOT_APPLICABLE,FACT,publishedRelations.ts:44,121/121 empty arrays.
F068,PublishedGSDRelevanceAssessment,rationale,painel-gsds/src/schemas/startups/publishedRelations.ts,publishedGSDRelevanceAssessmentSchema.rationale,string,1,required min 20 chars,free text,ASSESSMENT_OR_INTERPRETATION|CLAIM_OR_ASSERTION,published snapshot authoring,StartupDetail assessment paragraph; search,NOT_APPLICABLE,publishedRelations.ts:45; startups.test.ts:69-78 inspected,overwrite inside same file would drop prior wording,PUBLISHED,NOT_OBSERVED,DUP-ASSET-TEXT,FACT,publishedRelations.ts:45; StartupDetail.tsx:127-130; Kriya json:4925,Preserve nine-case wording. Not a Home Claim clm-*. Not RAW_DATA.
F069,PublishedGSDRelevanceAssessment,confidence,painel-gsds/src/schemas/startups/publishedRelations.ts,publishedGSDRelevanceAssessmentSchema.confidence,enum string,1,required,startupConfidenceValues including not-assigned taxonomies.ts:30,TAXONOMY|ASSESSMENT_OR_INTERPRETATION,published snapshot authoring,ConfidenceBadge; filter; Set on list item,badge hides not-assigned StartupBadges.tsx:35-36,publishedRelations.ts:46,stored,PUBLISHED,NOT_OBSERVED,NOT_APPLICABLE,FACT,publishedRelations.ts:46; taxonomies.ts:30-37; StartupBadges.tsx:35-36,All 28 directs not-assigned.
F070,PublishedGSDRelevanceAssessment,evidenceRefs,painel-gsds/src/schemas/startups/publishedRelations.ts,publishedGSDRelevanceAssessmentSchema.evidenceRefs,StartupPublicEvidenceRef[],0..* (min 1 if not direct-gsd),required array; min 1 unless relationship direct-gsd,see evidence ref fields,EVIDENCE,published snapshot authoring,join to publicSources,NOT_APPLICABLE,publishedRelations.ts:47-60,stored,PUBLISHED,NOT_OBSERVED,NOT_APPLICABLE,FACT,publishedRelations.ts:47-60,28 directs []. Nested fields separate rows.
F071,PublishedGSDRelevanceAssessment,assessedAt,painel-gsds/src/schemas/startups/publishedRelations.ts,publishedGSDRelevanceAssessmentSchema.assessedAt,string date,1,required YYYY-MM-DD,ISO date,PROVENANCE,published snapshot authoring,derived list lastReviewedAt max,NOT_APPLICABLE,publishedRelations.ts:49,stored,PUBLISHED,NOT_OBSERVED,DUP-REVIEW-DATE,FACT,publishedRelations.ts:49; queryStartups.ts:67-69,NOT_APPLICABLE
F072,PublishedGSDRelevanceAssessment,protocolVersion,painel-gsds/src/schemas/startups/publishedRelations.ts,publishedGSDRelevanceAssessmentSchema.protocolVersion,string,1,required,observed brazil-indirect-v1 | global-indirect-v1 | direct-global-v1,PROVENANCE,published snapshot authoring,not shown in UI,NOT_APPLICABLE,publishedRelations.ts:50,stored,PUBLISHED,NOT_OBSERVED,NOT_APPLICABLE,FACT,publishedRelations.ts:50; json:4401,NOT_APPLICABLE
F073,PublishedGSDRelevanceAssessment,directContext,painel-gsds/src/schemas/startups/publishedRelations.ts,publishedGSDRelevanceAssessmentSchema.directContext,object,0..1,optional; observed on all 28 directs none of 93 indirects,publishedDirectContextSchema strict,ASSESSMENT_OR_INTERPRETATION,published snapshot authoring,StartupDetail dl; VIZ03/04 field parents,NOT_APPLICABLE,"publishedRelations.ts:23-33,51 optional",stored nested; not a separate id,PUBLISHED,NOT_OBSERVED,NOT_APPLICABLE,FACT,"publishedRelations.ts:23-33,51; json:4402-4410",Optional in schema not required for direct-gsd. Nested fields inventoried separately.
F080,PublishedDirectContext,organizationStatus,painel-gsds/src/schemas/startups/publishedRelations.ts,publishedDirectContextSchema.organizationStatus,enum string,0..1,optional in schema; observed 28/28 directs,startupDirectOrganizationStatusValues taxonomies.ts:41-46,TAXONOMY|ASSESSMENT_OR_INTERPRETATION,published snapshot authoring,VIZ04; StartupDetail dt Status da organizacao,VIZ04 counts by this field only aggregateObservatoryCharts.ts:148,publishedRelations.ts:25 optional enum,stored,PUBLISHED,NOT_OBSERVED,DUP-STATUS-CORP,FACT,publishedRelations.ts:25; taxonomies.ts:41-46; AskBio json:4715 vs org operationalStatus json:1656,MUST NOT collapse with organization.operationalStatus. VIZ04 uses this field.
F081,PublishedDirectContext,currentGsdActivity,painel-gsds/src/schemas/startups/publishedRelations.ts,publishedDirectContextSchema.currentGsdActivity,enum string,0..1,optional in schema; observed 28/28 directs,startupDirectGsdActivityValues taxonomies.ts:60-64,TAXONOMY|ASSESSMENT_OR_INTERPRETATION,published snapshot authoring,VIZ03; StartupDetail Atividade GSD,VIZ03 aggregateObservatoryCharts.ts:124,publishedRelations.ts:26,stored,PUBLISHED,NOT_OBSERVED,DUP-ACTIVITY,FACT,publishedRelations.ts:26; taxonomies.ts:59-70; AskBio json:4716 confirmed-current; Cometa json:4404,MUST remain distinct from organizationStatus and operationalStatus.
F082,PublishedDirectContext,assetRole,painel-gsds/src/schemas/startups/publishedRelations.ts,publishedDirectContextSchema.assetRole,enum string,0..1,optional in schema; observed 28/28 directs,startupDirectAssetRoleValues taxonomies.ts:77-86,TAXONOMY|ASSESSMENT_OR_INTERPRETATION,published snapshot authoring,StartupDetail Papel no ativo; 5D sensitive tests inspected,NOT_APPLICABLE,publishedRelations.ts:27,stored,PUBLISHED,NOT_OBSERVED,DUP-VAL-1221,FACT,publishedRelations.ts:27; taxonomies.ts:72-97; Maze json:4645 historical-owner; Kriya json:4933 historical-association-ownership-unverified; Parasail json:4981 license-holder,MUST remain distinct. Maze/Valerion historical-owner; Kriya not. Parasail not owner.
F083,PublishedDirectContext,indication,painel-gsds/src/schemas/startups/publishedRelations.ts,publishedDirectContextSchema.indication,string,0..1,optional min 1 if present; observed 28/28,free text,EDITORIAL|CLAIM_OR_ASSERTION,published snapshot authoring,StartupDetail Indicação GSD,NOT_APPLICABLE,publishedRelations.ts:28,stored,PUBLISHED,NOT_OBSERVED,DUP-ASSET-TEXT,FACT,publishedRelations.ts:28; StartupDetail.tsx:133-137; Kriya json:4934,Free text not gsdRefs. Preserve wording.
F084,PublishedDirectContext,assetOrProgram,painel-gsds/src/schemas/startups/publishedRelations.ts,publishedDirectContextSchema.assetOrProgram,string,0..1,optional; observed 28/28,free text,EDITORIAL|CLAIM_OR_ASSERTION,published snapshot authoring,StartupDetail Ativo / programa,NOT_APPLICABLE,publishedRelations.ts:29,stored,PUBLISHED,NOT_OBSERVED,DUP-ASSET-TEXT|DUP-VAL-1221,FACT,publishedRelations.ts:29; StartupDetail.tsx:139-144; Valerion json:4791; Parasail json:4983,Not a structured Asset/Program entity. Same VAL-1221 token on two orgs without FK.
F085,PublishedDirectContext,modality,painel-gsds/src/schemas/startups/publishedRelations.ts,publishedDirectContextSchema.modality,string,0..1,optional; observed 28/28,free text,EDITORIAL|CLAIM_OR_ASSERTION,published snapshot authoring,StartupDetail Modalidade,NOT_APPLICABLE,publishedRelations.ts:30,stored,PUBLISHED,NOT_OBSERVED,DUP-MODALITY,FACT,publishedRelations.ts:30; StartupDetail.tsx:145-149; json:4408,Do not merge with assessment.modalities[].
F086,PublishedDirectContext,developmentStage,painel-gsds/src/schemas/startups/publishedRelations.ts,publishedDirectContextSchema.developmentStage,string,0..1,optional; observed 28/28,free text not product stage enum,EDITORIAL|CLAIM_OR_ASSERTION,published snapshot authoring,StartupDetail Estágio,NOT_APPLICABLE,publishedRelations.ts:31,stored,PUBLISHED,NOT_OBSERVED,NOT_APPLICABLE,FACT,publishedRelations.ts:31; StartupDetail.tsx:151-155; AUG json:4961; Parasail json:4985,Prose may name successor orgs. Not Product.stage enum.
F090,StartupPublicEvidenceRef,sourceId,painel-gsds/src/schemas/startups/publishedRelations.ts,startupPublicEvidenceRefSchema.sourceId,string,1 per ref,required FK,regex ^sps-[a-z0-9-]+$,IDENTIFIER|EVIDENCE,published snapshot authoring,join publicSources,NOT_APPLICABLE,publishedRelations.ts:17; publishedSnapshot.ts:132-139,stored nested,PUBLISHED,NOT_OBSERVED,NOT_APPLICABLE,FACT,publishedRelations.ts:17; json:1895-1901,NOT_APPLICABLE
F091,StartupPublicEvidenceRef,locator,painel-gsds/src/schemas/startups/publishedRelations.ts,startupPublicEvidenceRefSchema.locator,string,0..1,optional,free text,SOURCE_METADATA,schema only in current freeze,StartupDetail evidence flatten if present,NOT_APPLICABLE,publishedRelations.ts:18,NOT_OBSERVED,PUBLISHED,NOT_OBSERVED,NOT_APPLICABLE,FACT,publishedRelations.ts:18,NOT_OBSERVED in current snapshot (no locator keys).
F092,StartupPublicEvidenceRef,role,painel-gsds/src/schemas/startups/publishedRelations.ts,startupPublicEvidenceRefSchema.role,enum string,1,required,startupEvidenceRoleValues supports|contextual|method,TAXONOMY|EVIDENCE,published snapshot authoring,StartupEvidenceList meta,NOT_APPLICABLE,publishedRelations.ts:19,stored,PUBLISHED,NOT_OBSERVED,NOT_APPLICABLE,FACT,publishedRelations.ts:19; taxonomies.ts:204-211; json:1897,NOT_APPLICABLE
F100,StartupPublicSource,id,painel-gsds/src/schemas/startups/publishedRelations.ts,startupPublicSourceSchema.id,string,1,required,regex ^sps-[a-z0-9-]+$,IDENTIFIER,published snapshot authoring,evidence join,NOT_APPLICABLE,publishedRelations.ts:78 unique,5D inspected: no sps-gsd-dir-*,PUBLISHED,NOT_OBSERVED,NOT_APPLICABLE,FACT,publishedRelations.ts:78; json:5008 sps-gsd-br-002-02,NOT_APPLICABLE
F101,StartupPublicSource,title,painel-gsds/src/schemas/startups/publishedRelations.ts,startupPublicSourceSchema.title,string,1,required,free text,SOURCE_METADATA|EDITORIAL,published snapshot authoring,StartupEvidenceList title,NOT_APPLICABLE,publishedRelations.ts:79,stored,PUBLISHED,NOT_OBSERVED,NOT_APPLICABLE,FACT,publishedRelations.ts:79; StartupEvidenceList.tsx:23,Curated catalog title not raw scrape.
F102,StartupPublicSource,publisher,painel-gsds/src/schemas/startups/publishedRelations.ts,startupPublicSourceSchema.publisher,string,0..1,optional; comment says set only for official site URL,free text,SOURCE_METADATA|EDITORIAL,published snapshot authoring,evidence meta,NOT_APPLICABLE,publishedRelations.ts:81; 5C test inspected publisher iff company-site,stored,PUBLISHED,NOT_OBSERVED,NOT_APPLICABLE,FACT,publishedRelations.ts:80-81; globalIndirect.5c.test.ts:165-172,176/217 present. Test NOT_EXECUTED_IN_7B_0.
F103,StartupPublicSource,url,painel-gsds/src/schemas/startups/publishedRelations.ts,startupPublicSourceSchema.url,string url,0..1,optional; required-ish when availability public,URL,SOURCE_METADATA,published snapshot authoring,Abrir fonte link,NOT_APPLICABLE,"publishedRelations.ts:82,89-96",stored,PUBLISHED,NOT_OBSERVED,NOT_APPLICABLE,FACT,"publishedRelations.ts:82,89-96",217/217 have url in current freeze. Catalog metadata not RAW_DATA crawl dump.
F104,StartupPublicSource,sourceType,painel-gsds/src/schemas/startups/publishedRelations.ts,startupPublicSourceSchema.sourceType,enum string,1,required,startupPublicSourceTypeValues taxonomies.ts:182-190,TAXONOMY|SOURCE_METADATA,published snapshot authoring,evidence meta label,NOT_APPLICABLE,publishedRelations.ts:83,stored,PUBLISHED,NOT_OBSERVED,NOT_APPLICABLE,FACT,publishedRelations.ts:83; taxonomies.ts:182-202,NOT_APPLICABLE
F105,StartupPublicSource,publishedAt,painel-gsds/src/schemas/startups/publishedRelations.ts,startupPublicSourceSchema.publishedAt,string date,0..1,optional,ISO date,PROVENANCE,schema only in current freeze,none,NOT_APPLICABLE,publishedRelations.ts:84,NOT_OBSERVED,PUBLISHED,NOT_OBSERVED,NOT_APPLICABLE,FACT,publishedRelations.ts:84,NOT_OBSERVED in current snapshot (0/217).
F106,StartupPublicSource,accessedAt,painel-gsds/src/schemas/startups/publishedRelations.ts,startupPublicSourceSchema.accessedAt,string date,1,required,ISO date,PROVENANCE,published snapshot authoring,not displayed,NOT_APPLICABLE,publishedRelations.ts:85,stored,PUBLISHED,NOT_OBSERVED,NOT_APPLICABLE,FACT,publishedRelations.ts:85,NOT_APPLICABLE
F107,StartupPublicSource,availability,painel-gsds/src/schemas/startups/publishedRelations.ts,startupPublicSourceSchema.availability,enum string,1,required,public|registration|restricted-summary-only,TAXONOMY|SOURCE_METADATA,published snapshot authoring,schema url rule if public,NOT_APPLICABLE,"publishedRelations.ts:86,89-96",stored,PUBLISHED,NOT_OBSERVED,NOT_APPLICABLE,FACT,publishedRelations.ts:86,NOT_APPLICABLE
F108,StartupPublicSource,notes,painel-gsds/src/schemas/startups/publishedRelations.ts,startupPublicSourceSchema.notes,string,0..1,optional,free text,EDITORIAL,schema only in current freeze,none,NOT_APPLICABLE,publishedRelations.ts:87,NOT_OBSERVED,PUBLISHED,NOT_OBSERVED,NOT_APPLICABLE,FACT,publishedRelations.ts:87,NOT_OBSERVED in current snapshot (0/217).
F110,PublishedProductOrProgram,id,painel-gsds/src/schemas/startups/publishedRelations.ts,publishedProductOrProgramSchema.id,string,1 if instance exists,required on instance; collection empty,regex ^prd-[a-z0-9-]+$,IDENTIFIER,schema; no instances,StartupDetail product list if any,NOT_APPLICABLE,publishedRelations.ts:64,NOT_OBSERVED,PUBLISHED,NOT_OBSERVED,DUP-ASSET-TEXT,FACT,publishedRelations.ts:64; json:1860 [],NOT_OBSERVED instances. Schema still physical.
F111,PublishedProductOrProgram,organizationId,painel-gsds/src/schemas/startups/publishedRelations.ts,publishedProductOrProgramSchema.organizationId,string,1,required on instance,regex ^org-[a-z0-9-]+$,IDENTIFIER,schema; no instances,join,NOT_APPLICABLE,publishedRelations.ts:65; publishedSnapshot.ts:170-176,NOT_OBSERVED,PUBLISHED,NOT_OBSERVED,NOT_APPLICABLE,FACT,publishedRelations.ts:65,NOT_OBSERVED instances.
F112,PublishedProductOrProgram,name,painel-gsds/src/schemas/startups/publishedRelations.ts,publishedProductOrProgramSchema.name,string,1,required on instance,free text,EDITORIAL,schema; no instances,search haystack; detail,NOT_APPLICABLE,publishedRelations.ts:66,NOT_OBSERVED,PUBLISHED,NOT_OBSERVED,DUP-ASSET-TEXT,FACT,publishedRelations.ts:66; queryStartups.ts:110,NOT_OBSERVED instances. Contrast assetOrProgram text on assessments.
F113,PublishedProductOrProgram,modality,painel-gsds/src/schemas/startups/publishedRelations.ts,publishedProductOrProgramSchema.modality,string,1,required on instance,free text,EDITORIAL,schema; no instances,search; detail,NOT_APPLICABLE,publishedRelations.ts:67,NOT_OBSERVED,PUBLISHED,NOT_OBSERVED,DUP-MODALITY,FACT,publishedRelations.ts:67,NOT_OBSERVED instances.
F114,PublishedProductOrProgram,indicationOrNeed,painel-gsds/src/schemas/startups/publishedRelations.ts,publishedProductOrProgramSchema.indicationOrNeed,string[],1..*,required min 1 on instance,free text,EDITORIAL,schema; no instances,none currently,NOT_APPLICABLE,publishedRelations.ts:68,NOT_OBSERVED,PUBLISHED,NOT_OBSERVED,DUP-ASSET-TEXT,FACT,publishedRelations.ts:68,NOT_OBSERVED instances.
F115,PublishedProductOrProgram,gsdRefs,painel-gsds/src/schemas/startups/publishedRelations.ts,publishedProductOrProgramSchema.gsdRefs,string[],0..*,required array on instance,unconstrained strings,IDENTIFIER,schema; no instances,none,NOT_APPLICABLE,publishedRelations.ts:69,NOT_OBSERVED,PUBLISHED,NOT_OBSERVED,NOT_APPLICABLE,FACT,publishedRelations.ts:69,NOT_OBSERVED instances.
F116,PublishedProductOrProgram,stage,painel-gsds/src/schemas/startups/publishedRelations.ts,publishedProductOrProgramSchema.stage,enum string,1,required on instance,startupProductStageValues taxonomies.ts:154-165,TAXONOMY,schema; no instances,StartupDetail stage label,NOT_APPLICABLE,publishedRelations.ts:70,NOT_OBSERVED,PUBLISHED,NOT_OBSERVED,NOT_APPLICABLE,FACT,publishedRelations.ts:70; taxonomies.ts:154-180,NOT_OBSERVED instances. Distinct from free-text developmentStage.
F117,PublishedProductOrProgram,stageObservedAt,painel-gsds/src/schemas/startups/publishedRelations.ts,publishedProductOrProgramSchema.stageObservedAt,string date,0..1,optional on instance,ISO date,PROVENANCE,schema; no instances,none,NOT_APPLICABLE,publishedRelations.ts:71,NOT_OBSERVED,PUBLISHED,NOT_OBSERVED,NOT_APPLICABLE,FACT,publishedRelations.ts:71,NOT_OBSERVED instances.
F118,PublishedProductOrProgram,territories,painel-gsds/src/schemas/startups/publishedRelations.ts,publishedProductOrProgramSchema.territories,string[],0..*,required array on instance,free text,UNKNOWN,schema; no instances,none,NOT_APPLICABLE,publishedRelations.ts:72,NOT_OBSERVED,PUBLISHED,NOT_OBSERVED,NOT_APPLICABLE,FACT,publishedRelations.ts:72,NOT_OBSERVED instances.
F119,PublishedProductOrProgram,evidenceRefs,painel-gsds/src/schemas/startups/publishedRelations.ts,publishedProductOrProgramSchema.evidenceRefs,StartupPublicEvidenceRef[],1..*,min 1 on instance,same as assessment evidence refs,EVIDENCE,schema; no instances,join sources,NOT_APPLICABLE,publishedRelations.ts:73; publishedSnapshot.ts:177-185,NOT_OBSERVED,PUBLISHED,NOT_OBSERVED,NOT_APPLICABLE,FACT,publishedRelations.ts:73,NOT_OBSERVED instances. v0.3 doc claimRefs CONTRADICTED by this field name.
F130,StartupListItem,relations,painel-gsds/src/lib/startups/queryStartups.ts,StartupListItem.relations,StartupRelation[] unique,0..*,always derived,startupRelationValues,DERIVED|TAXONOMY,Set of assessment.relationship,badges; filters; VIZ01 similar unit,queryStartups.ts:62,NOT_APPLICABLE,not persisted,NOT_APPLICABLE,NOT_OBSERVED,DUP-COUNT-ADJ,FACT,queryStartups.ts:62; StartupCard.tsx:26-28,In-memory. Adjacent filter uses this Set (81 orgs).
F131,StartupListItem,geographies,painel-gsds/src/lib/startups/queryStartups.ts,StartupListItem.geographies,StartupGeography[] unique,0..*,always derived,brazil|global,DERIVED|TAXONOMY,Set of geographicScopes,badges; filters,queryStartups.ts:63-65,NOT_APPLICABLE,not persisted,NOT_APPLICABLE,NOT_OBSERVED,DUP-COUNT-GEO,FACT,queryStartups.ts:63-65,Saventic yields both brazil and global.
F132,StartupListItem,confidences,painel-gsds/src/lib/startups/queryStartups.ts,StartupListItem.confidences,StartupConfidence[] unique,0..*,always derived,startupConfidenceValues,DERIVED|TAXONOMY,Set of assessment.confidence,badges hide not-assigned; filters include it,queryStartups.ts:66,NOT_APPLICABLE,not persisted,NOT_APPLICABLE,NOT_OBSERVED,NOT_APPLICABLE,FACT,queryStartups.ts:66; StartupBadges.tsx:35-36,NOT_APPLICABLE
F133,StartupListItem,lastReviewedAt,painel-gsds/src/lib/startups/queryStartups.ts,StartupListItem.lastReviewedAt,string date,1,always derived,ISO date,DERIVED|PROVENANCE,"max(org.lastReviewedAt, assessments.assessedAt)",sort reviewed-*,queryStartups.ts:67-69,NOT_APPLICABLE,not persisted,NOT_APPLICABLE,NOT_OBSERVED,DUP-REVIEW-DATE,FACT,queryStartups.ts:67-69,NOT_APPLICABLE
F134,StartupListItem,sources,painel-gsds/src/lib/startups/queryStartups.ts,StartupListItem.sources,StartupPublicSource[],0..*,always derived,joined sources,DERIVED|EVIDENCE,union evidenceRefs of assessments and products,StartupEvidenceList,queryStartups.ts:51-60,drops unknown ids via Boolean filter,not persisted,NOT_APPLICABLE,NOT_OBSERVED,NOT_APPLICABLE,FACT,queryStartups.ts:51-60,28 directs derive empty sources.
F135,StartupListItem,products,painel-gsds/src/lib/startups/queryStartups.ts,StartupListItem.products,PublishedProductOrProgram[],0..*,always derived,joined products,DERIVED,productsOrPrograms filtered by org id,detail empty copy when [],queryStartups.ts:48-50,NOT_APPLICABLE,not persisted,NOT_APPLICABLE,NOT_OBSERVED,DUP-ASSET-TEXT,FACT,queryStartups.ts:48-50; StartupDetail.tsx:185-189,Always [] in current freeze.
F140,ObservatoryPageDerivedCoverage,coverageSummary,painel-gsds/src/pages/inovacao/startups/index.astro,coverageSummary,string,1,always derived at page build,free text,DERIVED|EDITORIAL,snapshot.coverage.summary after regex,StartupCoverageNotice; empty state,index.astro:22-26,NOT_APPLICABLE,not persisted; JSON unchanged,NOT_APPLICABLE,NOT_OBSERVED,DUP-COVERAGE-ECHO,FACT,index.astro:19-26,PENDING_7A_COPY A30_ECHO.
F141,ObservatoryPageDerivedCoverage,coverageLimitations,painel-gsds/src/pages/inovacao/startups/index.astro,coverageLimitations,string[],0..*,always derived,subset of snapshot limitations,DERIVED|EDITORIAL,coverage.limitations filtered,StartupCoverageNotice,index.astro:28 A30_ECHO.test,NOT_APPLICABLE,not persisted,NOT_APPLICABLE,NOT_OBSERVED,DUP-COVERAGE-ECHO,FACT,index.astro:19-28; json:14,PENDING_7A_COPY.
