component,file,used_on,role,visual_dependencies,current_tokens,responsive_behavior,accessibility_notes,brand_gap,classification,6d_target_phase,notes
BaseLayout,src/layouts/BaseLayout.astro,"Home Clínica Socio Observatório Design System",document shell fonts favicon header footer,LocalFonts GlobalHeader MobileNavigation GlobalFooter SkipLink global.css,surface-executive/editorial,full viewport,lang pt-BR skip target conteudo-principal,favicon+og Image are Astro rocket; fonts Manrope,RESTYLE,6D.3_HOME_PILOT,KEEP document structure. Shell/metadata/assets change only with Home pilot and authorized assets; no 6D.2 visual remapping.
PageContainer,src/components/layout/PageContainer.astro,all analytical pages,width constraint,utilities .container,width-global/wide/editorial,fluid to max-width,none,none vs 6D.0 grid (unspecified),KEEP,DEFER,Layout primitive. No foundation change required.
SkipLink,src/components/layout/SkipLink.astro,all pages,keyboard skip,ink-950 paper-50 radius-md z-skip,tokens,hidden until focus,visible on focus min-height touch-min,colors CONFLICTS; structure KEEP,KEEP,6D.3_HOME_PILOT,KEEP structure. Revalidate contrast after Home visual change; no 6D.2 code change required.
LocalFonts,src/components/layout/LocalFonts.astro,all pages,font-face Inter+Manrope,public/fonts woff2 OFL,n/a,n/a,preload crossorigin,Manrope CONFLICTS; Inter MATCHES; Work Sans absent,REPLACE,6D.2_FOUNDATION,BLOCKED_BY_ASSET — Work Sans file/license required. Inter remains. Do not swap Manrope globally until that condition.
GlobalHeader,src/components/layout/GlobalHeader.astro,all pages,sticky chrome + generic CSS product mark + desktop nav,teal circle mark paper translucent header,teal-500 ink-950 font-display hardcoded rgb paper/teal,desktop nav >=64rem,current page aria-current; mark aria-hidden,Current generic CSS product mark is not an authorized institutional signature for the target rebrand,REPLACE,6D.3_HOME_PILOT,REPLACE mark with validated lockup/official asset when authorized. The span.brand__mark is a generic teal disc — it does not reconstruct the Einstein star wordmark or Eretz lockup. RESTYLE remaining chrome via tokens. RGB hardcodes in this file belong to 6D.3 not 6D.2.
DesktopNavigation,src/components/layout/GlobalHeader.astro .desktop-nav,all pages desktop,primary nav,teal current underline,teal-700 teal-500 paper-100 touch-min,hidden <64rem,aria-label Principal,colors CONFLICTS,RESTYLE,6D.3_HOME_PILOT,Same file as header. Preserve IA/labels. Map colors to brand-primary.
MobileNavigation,src/components/layout/MobileNavigation.tsx,all pages <64rem,dialog menu,unicode ☰/✕ elevation-2 ink surfaces,font-body font-display elevation-2,toggle only <64rem,dialog modal focus trap Escape labelled Fechar/Menu; icons aria-hidden,Unicode icons not system icons; FACT menu/dialog overlays underlying content with enough transparency to impair reading,REPLACE,6D.3_HOME_PILOT,REPLACE icons with system icons when authorized. FACT: home-menu-mobile-375.png shows hero text readable through the open menu. DECISION (6D.3): which opacity/color to use. Do not change IA or production in 6D.1.1.
GlobalFooter,src/components/layout/GlobalFooter.astro,all pages,site footer no lockup,paper-100 font-display,ink-950 ink-600 annotation,stacked,no complementary landmark name,No institutional lockup; text-only product name,RESTYLE,6D.3_HOME_PILOT,If lockup validated may appear here OR header not both without decision. PENDING_VALIDATION placement.
ResearchHeader,src/components/research/ResearchHeader.astro,"Clínica Socio Observatório",dark analysis hero,surface-executive cyan notice bar,heading-1 paper-50 cyan-300 rgb paper 8%,title max 18ch,h1 present,Dark ink band CONFLICTS with Einstein digital blues; not a logo,RESTYLE,6D.4_ROLLOUT,Home has its own hero. Mapping executive dark to brand-blue-dark is DASHBOARD_DECISION not MANDATORY. Preserve copy.
EvidenceFooter,src/components/research/EvidenceFooter.astro,"Clínica Socio",limitations+sources,editorial list,heading-2/3 ink-600,editorial width,h2/h3,typography CONFLICTS via display font,RESTYLE,6D.4_ROLLOUT,Do not change limitation/source copy.
Breadcrumbs,src/components/research/Breadcrumbs.astro,"Clínica Socio Observatório",wayfinding,token text,uninspected beyond tokens,wrap,nav semantics expected,low,RESTYLE,6D.4_ROLLOUT,Chrome only.
ResearchSectionNav,src/components/research/ResearchSectionNav.astro,"Clínica Socio",in-page section jump,radius-lg,tokens,cluster wrap,list of fragment links,low,RESTYLE,6D.4_ROLLOUT,
KeyMetric,src/components/executive/KeyMetric.astro,Home (via HomeMetrics); Design System,metric card + evidence,radius-xl font-display teal/amber via badge,tokens,grid wrapping,absent value uses em dash not zero,card chrome CONFLICTS colors,RESTYLE,6D.3_HOME_PILOT,Do not change values/evidence states. Visual only.
EvidenceBadge,src/components/evidence/EvidenceBadge.astro,Home KeyMetric and analysis cards,evidence state chip,teal amber ink line dotted,tokens 999px pill,inline,button expands description; mark aria-hidden; not color-only (label text exists),Semantic colors NEEDS_SEMANTIC_COLOR_DECISION,NEEDS_DECISION,6D.3_HOME_PILOT,Home exercises this component; semantic color decision must be validated in the Home pilot. Do not remap estimated/limited to Einstein blues. No Observatory/visual rollout in 6D.2.
SectionPortal,src/components/executive/SectionPortal.astro,Home Explore as análises,CTA card,elevation-1 radius-lg btn-secondary,tokens,grid,available vs soon,teal buttons CONFLICTS,RESTYLE,6D.3_HOME_PILOT,
HomeHero,src/pages/index.astro #inicio,Home,executive dark hero + CTAs + GlycogenBranchVisual,surface-executive display type cyan buttons,display heading-1 tokens,2-col desktop stack mobile (home-375.png),h1 present,Dark teal-ink + Manrope + cyan CTA CONFLICTS MANDATORY digital brand,RESTYLE,6D.3_HOME_PILOT,Pilot surface. Preserve copy and CTAs hrefs. Visual identity only.
GlycogenBranchVisual,src/components/home/GlycogenBranchVisual.astro,Home hero,authorial SVG metaphor,cyan-teal gradient,css vars in SVG,scales min(100% 28rem) reduced-motion,role img titled,Not Einstein gradient; authorial not lockup,NEEDS_DECISION,6D.3_HOME_PILOT,Do not replace with Einstein star. Do not invent official gradient stops. May restyle stroke to semantic tokens after decision.
ProblemInOneMinute,src/components/home/ProblemInOneMinute.astro,Home,three-point rail,font-display indexes,tokens,3-col wrapping,indexes aria-hidden,display font CONFLICTS,RESTYLE,6D.3_HOME_PILOT,Preserve claims.
MechanismToLife,src/components/home/MechanismToLife.astro,Home,editorial cards,radius-lg,tokens,grid,none notable,colors CONFLICTS,RESTYLE,6D.3_HOME_PILOT,
HomeMetrics,src/components/home/HomeMetrics.astro,Home,metric section wrapping KeyMetric,editorial,tokens,responsive grid,uses KeyMetric a11y,inherits KeyMetric/badge gaps,RESTYLE,6D.3_HOME_PILOT,Copy sanitizers are 6C editorial — do not reopen.
ObservedVsNeed,src/components/home/ObservedVsNeed.astro,Home,comparison cards,radius-md/lg,tokens,2-col wrap,none,colors CONFLICTS,RESTYLE,6D.3_HOME_PILOT,
BrazilOverview,src/components/home/BrazilOverview.astro,Home,Brazil evidence teaser,radius-lg,tokens,stack,none,colors CONFLICTS,RESTYLE,6D.3_HOME_PILOT,
HomeMethodology,src/components/home/HomeMethodology.astro,Home,how to read,radius-lg,tokens,stack,none,colors CONFLICTS,RESTYLE,6D.3_HOME_PILOT,6C copy freeze.
HeroStatement,src/components/executive/HeroStatement.astro,Design System only,reusable hero,same as Home hero tokens,display,not on 4 public surfaces,n/a,same executive identity,RESTYLE,DEFER,Not on Home production path (Home inlines hero). Restyle when DS page updates after freeze.
GSDExplorer,src/components/clinical/GSDExplorer.tsx,Clínica,filter+search+cards,radius-md/lg inputs,tokens,controls 2-col >=48rem,labelled select/search live count,teal chrome CONFLICTS,RESTYLE,6D.4_ROLLOUT,Preserve filter semantics. Visual only.
ClinicalCards,.gsd-card in GSDExplorer.tsx,Clínica,condition cards,radius-lg,tokens,list stack,h3 names,colors CONFLICTS,RESTYLE,6D.4_ROLLOUT,
ClinicalTables,src/pages/analises/bases-clinicas/index.astro,Clínica,organ/classification tables,page-local radius-lg,tokens,overflow risk at 320,tabular,colors CONFLICTS,RESTYLE,6D.4_ROLLOUT,Do not change cell content.
ClinicalFlow,src/pages/analises/bases-clinicas/index.astro sections,Clínica,narrative sections + explorer,ResearchHeader + PageContainer,tokens,single column,headings hierarchy,identity via header/fonts,RESTYLE,6D.4_ROLLOUT,
BurdenOverview,src/components/socioeconomic/BurdenOverview.astro,Socio,burden cards,radius-lg,tokens,grid wrap,none,colors CONFLICTS,RESTYLE,6D.4_ROLLOUT,6C copy freeze.
CaregiverBurden,src/components/socioeconomic/CaregiverBurden.astro,Socio,caregiver cards,radius-lg,tokens,grid,none,colors CONFLICTS,RESTYLE,6D.4_ROLLOUT,
CostLayers,src/components/socioeconomic/CostLayers.astro,Socio,cost layer list,radius-lg,tokens,stack,none,colors CONFLICTS,RESTYLE,6D.4_ROLLOUT,
BrazilEvidencePanel,src/components/socioeconomic/BrazilEvidencePanel.astro,Socio,Brazil evidence dl,asymmetric radius,tokens,stack,dl structure (6C P0),colors CONFLICTS,RESTYLE,6D.4_ROLLOUT,Do not reopen 6C markup.
MarketSegmentMap,src/components/socioeconomic/MarketSegmentMap.astro,Socio,segment map,radius-lg,tokens,grid,none,colors CONFLICTS,RESTYLE,6D.4_ROLLOUT,
MarketSizingGuardrails,src/components/socioeconomic/MarketSizingGuardrails.astro,Socio,TAM/SAM guardrails,radius-lg,tokens,grid,none,colors CONFLICTS,RESTYLE,6D.4_ROLLOUT,
EvidenceGapBridge,src/components/socioeconomic/EvidenceGapBridge.astro,Socio,gap list,radius-lg,tokens,stack,none,colors CONFLICTS,RESTYLE,6D.4_ROLLOUT,
BurdenPathway,src/components/socioeconomic/BurdenPathway.astro,unused (not imported by socio page),pathway primitive,radius-lg,tokens,stack,n/a,colors CONFLICTS,DEFER,DEFER,FACT: file exists; grep shows no imports. Do not restyle until authorized onto a page.
StartupExplorer,src/components/startups/StartupExplorer.tsx,Observatório,search filters list drawer orchestration,child components,tokens,dense vertical,keyboard drawer,teal chrome CONFLICTS,RESTYLE,6D.4_ROLLOUT,Do not change query/filter behavior.
StartupSummary,src/components/startups/StartupSummary.tsx,Observatório,count summary,font-display,tokens,wrap,status text,display font CONFLICTS,RESTYLE,6D.4_ROLLOUT,6C copy freeze.
StartupFilters,src/components/startups/StartupFilters.tsx,Observatório,checkbox filters,radius-md,tokens,wrap,labelled checkboxes,teal CONFLICTS,RESTYLE,6D.4_ROLLOUT,Preserve labels/logic.
StartupSearch,src/components/startups/StartupSearch.tsx,Observatório,search field,radius-md,tokens,full width,labelled,teal CONFLICTS,RESTYLE,6D.4_ROLLOUT,
StartupSort,src/components/startups/StartupSort.tsx,Observatório,sort control,radius-md,tokens,wrap,labelled,teal CONFLICTS,RESTYLE,6D.4_ROLLOUT,
StartupCard,src/components/startups/StartupCard.tsx,Observatório,org row,undefined --ink-700; badges,tokens,stack,h3 + Ver detalhe button,token hole + teal badges,RESTYLE,6D.4_ROLLOUT,--ink-700 hole is a FACT; replacement value NEEDS_DECISION. Do not restyle Observatory in 6D.2.
StartupDetail,src/components/startups/StartupDetail.tsx,Observatório,drawer,elevation-2 overlay,tokens,panel overlay desktop (observatory-drawer-1440.png),dialog Fechar detalhe,teal close button CONFLICTS,RESTYLE,6D.4_ROLLOUT,Preserve fields/order from 6C. Visual only.
StartupCoverageNotice,src/components/startups/StartupCoverageNotice.tsx,Observatório,coverage caveats,undefined --ink-700,tokens,stack,none,token hole,RESTYLE,6D.4_ROLLOUT,6C A30 freeze.
ObservatoryAnalytics,src/components/startups/ObservatoryAnalytics.tsx,Observatório,VIZ charts wrapper,font-display + StartupBarChart,tokens,stack below list,headings,chart color decision,RESTYLE,6D.4_ROLLOUT,Aggregations frozen. Visual restyle after chart palette decision.
StartupBarChart,src/components/startups/StartupBarChart.tsx,Observatório analytics,horizontal bars,teal-500 bars; --ink-700 labels,teal-500 paper-100,labels wrap anywhere,figcaption + numeric values; color not sole discriminator,NEEDS_SEMANTIC_COLOR_DECISION,NEEDS_DECISION,6D.4_ROLLOUT,No visual change to Observatory during foundations or Home pilot. Do not rebrand bars to three blues. Categorical palette after contrast test.
StartupBadges,src/components/startups/StartupBadges.tsx,cards+drawer,classification chips,undefined --radius-sm; teal relation,tokens,wrap,text labels,missing radius token; teal CONFLICTS,RESTYLE,6D.4_ROLLOUT,--radius-sm hole is a FACT; value NEEDS_DECISION. Do not force Observatory restyle in 6D.2. Dual-coded with text.
StartupEmptyState,src/components/startups/StartupEmptyState.tsx,Observatório empty snapshot,empty, --ink-700,tokens,stack,status,token hole,RESTYLE,6D.4_ROLLOUT,Not in current freeze (120 orgs).
StartupNoResultsState,src/components/startups/StartupNoResultsState.tsx,Observatório filtered empty,no results,tokens,tokens,stack,status,low,RESTYLE,6D.4_ROLLOUT,
StartupEvidenceList,src/components/startups/StartupEvidenceList.tsx,drawer,sources list,tokens,tokens,stack,list,low,RESTYLE,6D.4_ROLLOUT,
EvidenceCallout,src/components/evidence/EvidenceCallout.astro,analysis pages if used,callout,radius-lg,tokens,stack,note,colors CONFLICTS,RESTYLE,6D.4_ROLLOUT,
SourceAnchor,src/components/evidence/SourceAnchor.astro,KeyMetric,source chip,asymmetric radius,tokens,inline,link,colors CONFLICTS,RESTYLE,6D.3_HOME_PILOT,
DataAbsentState,src/components/evidence/DataAbsentState.astro,where absence shown,absence pattern,hatch gradient tokens,tokens,card,role status; absence not zero,hatch is DASHBOARD_DECISION not brand,RESTYLE,6D.4_ROLLOUT,Keep hatch semantics. Recolor via tokens only.
FaviconSVG,public/favicon.svg,all pages + og:image,document icon,Astro rocket #000/#FFF,none,n/a,none,Not Einstein/Eretz lockup,REPLACE,6D.3_HOME_PILOT,BLOCKED_BY_ASSET / AUTHORIZATION. Do not replace in 6D.2.
FaviconICO,public/favicon.ico,browsers,legacy icon,unknown bitmap,none,n/a,none,Not institutional,REPLACE,6D.3_HOME_PILOT,BLOCKED_BY_ASSET / AUTHORIZATION. Do not replace in 6D.2.
UtilitiesButtons,src/styles/utilities.css .btn*,Home hero portals cards,button primitives,teal-500 cyan-300 hardcoded rgb,tokens + 2 rgb,min-height touch,focus-visible,primary identity CONFLICTS,RESTYLE,6D.3_HOME_PILOT,Home is where new button appearance must be validated. utilities.css RGB may be tokenized in 6D.2 only if visual output remains identical.
